CrossFit North Queensland,http://crossfitnq.com.au/
CrossFit Sydney,http://www.crossfitsydney.com.au/
CrossFit Victoria,http://www.crossfitvictoria.com/
CrossFit Newcastle,http://www.crossfitnewcastle.com.au/
CrossFit Brisbane,http://www.crossfitbrisbane.com/
CrossFit Melbourne,http://www.crossfitmelbourne.com.au/
CrossFit Effects,http://www.crossfitfx.com/
The Cell CrossFit,http://www.thecellcoach.com.au/
CrossFit Southeast Queensland,http://www.hg.typepad.com/
CrossFit Reebok Gold Coast,http://www.crossfitgoldcoast.com.au/
CrossFit Adelaide,http://www.crossfitadelaide.com/
West Coast CrossFit,http://www.sfgym.com.au/
CrossFit NorWest,http://www.crossfitnorwest.com/
CrossFit Perth,http://www.crossfitperth.com.au/
CrossFit Geelong,http://www.crossfitgeelong.com.au/
GF CrossFit,http://www.crossfitbodym.com/cross-fit
Southern CrossFit,http://www.southernxfit.com/
Coastal CrossFit Queensland,http://www.coastalcrossfit.com.au/
CrossFit Ignite Sydney,http://www.crossfitignitesydney.com.au/
CrossFit Territory,http://www.crossfit-territory.com/
CrossFit Bondi,http://www.crossfitbondi.com.au/
CrossFit Wollongong,http://www.crossfitwollongong.com/
CrossFit Resolve,http://www.crossfitresolve.com.au/
CrossFit Rocks,http://www.crossfitrocks.com.au/
CrossFit Arena,http://www.crossfitarena.com.au/
CrossFit Broadbeach,http://www.crossfitbroadbeach.com.au/
CrossFit Aphesis,http://www.crossfitaphesis.com.au/
CrossFit Woolgoolga,http://crossfitwoolgoolga.blogspot.com/
CrossFit Plus,http://crossfitplus.com.au/
CrossFit Townsville,http://www.crossfittownsville.com.au/
CrossFit Smash,http://www.crossfitsmash.com.au/
CrossFit Hill,http://www.crossfithill.com/
CrossFit Athletic,http://crossfitathletic.com.au/
CrossFit 42 South,http://www.crossfit42s.com.au/
JTs CrossFit,http://www.jtcrossfit.com.au/
Reebok CrossFit Frankston,http://www.crossfitfrankston.com/
CrossFit Crossaxed,http://www.crossfitcrossaxed.com/
CrossFit Darwin,http://www.crossfitdarwin.com/
CrossFit Border,http://www.crossfitborder.com.au/
CrossFit Gosford,http://www.crossfitgosford.com.au/
CrossFit King,http://www.crossfitking.com/
The CrossFit Chamber,http://www.thecrossfitchamber.com.au/
EMP CrossFit,https://www.empowerfit.com.au/crossfit/
CrossFit Shoalhaven,http://www.crossfitshoalhaven.com/
Raw Edge CrossFit,http://www.rawedgefitness.com/
Adapt CrossFit,http://www.adaptcrossfit.com/
CrossFit St Marys,http://crossfitstmarys.blogspot.com/
CrossFit 2600,http://www.crossfit2600.com.au/
CrossFit South Yarra,http://www.crossfitsouthyarra.com/
CrossFit Loaded,http://www.crossfitloaded.com.au/index.html
CrossFit 4551,http://www.crossfit4551.com.au/
CrossFit Brendale,http://www.crossfitbrendale.com.au/
CrossFit Supremacy,http://www.crossfitsupremacy.com.au/
CrossFit Freaks,http://crossfitfreaks.com.au/
CrossFit South West Sydney,http://www.crossfitsws.com/
CrossFit Alive,http://crossfitalive.com.au/
CrossFit Roar,http://crossfitroar.com/
Infused CrossFit,http://www.infusedcfot.com/index.html
CrossFit Soul Rebel Greensborough,http://www.soulrebelathletics.com/
CrossFit Richmond,http://www.crossfitrichmond.com/
CrossFit Chipping Norton,http://crossfitchippingnorton.com/
CrossFit Punisher,http://www.crossfitpunisher.com/
CrossFit Mackay,http://www.crossfitmackay.com/
CrossFit Noosa,http://www.crossfitnoosa.com.au/
CrossFit Victus,http://www.crossfitvictus.com/
CrossFit Athletic Mona Vale,http://www.crossfitbodhi.com/index.php
CrossFit Jervis Bay,http://www.crossfitjervisbay.com/
CrossFit Rev X,http://revolutionx.com.au/crossfit-revx/crossfit-wod/
CrossFit Manly Vale,http://www.crossfitmanlyvale.com.au/
CrossFit Geo,http://crossfitgeo.com.au/
CrossFit Horizons,http://crossfithorizons.blogspot.com/
CrossFit Maroochydore,http://www.crossfitmaroochydore.com/
CrossFit Moorabbin,http://www.crossfitmoorabbin.com/
CrossFit Maitland,http://www.crossfitmaitland.com.au/
CrossFit BodiComplete,http://crossfitbodicomplete.com/
CrossFit DDW,http://www.cfcronulla.com.au/
CrossFit Westgate,http://www.crossfitwestgate.com.au/
CrossFit Rush Hour Ryde,http://crossfitryde.com.au/
CrossFit MSD,http://crossfitmsd.com.au/
CrossFit Chatswood,http://www.crossfitchatswood.com/
CrossFit 3000 South Melbourne,http://crossfit3000.com/
CrossFit Diamond Valley,http://crossfitdiamondvalley.com/
CrossFit Colossus,http://crossfitcolossus.com.au/
Goulburn Valley CrossFit,http://www.goulburnvalleycrossfit.com/
CrossFit Northern Adelaide,http://crossfitna.com.au/
CrossFit Gympie,http://www.crossfitgympie.com/
CrossFit Ingleburn,http://www.crossfitingleburn.com.au/
CrossFit Foxes,http://crossfitfoxes.blogspot.com/
Blue Lake CrossFit,http://www.bluelakecrossfit.com.au/
CrossFit Nitro,http://www.crossfitnitro.com.au/
CrossFit Armidale,http://crossfitarmidale.com.au/
CrossFit Geraldton,http://www.crossfitgeraldton.com.au/
CrossFit 4504,http://www.crossfitnewbeginning.com.au/4504/
CrossFit Mitchelton,http://www.crossfitmitchelton.com.au/
CrossFit Down Under,http://www.crossfitdownunder.com/
CrossFit Tea Gardens,http://www.crossfitteagardens.com.au/
CrossFit Works CFWX,http://www.crossfitworks.com.au/
CrossFit Queanbeyan,http://crossfitqueanbeyan.com.au/
CrossFit Logic,http://www.crossfitlogic.com.au/
CrossFit Boss,http://crossfitboss.com.au/
CrossFit Resonate,http://cfresonate.com.au/
CrossFit Inverell,http://www.crossfitinverell.blogspot.com/
CrossFit Towards,http://crossfitchalkcity.com/
CrossFit Woolloongabba,http://www.crossfitwoolloongabba.com/
CrossFit Marrickville,http://crossfitmarrickville.com.au/
CrossFit Staunch,http://www.crossfitstaunch.com/
CrossFit Frantic,http://www.crossfitfrantic.com/
Mid Mountains CrossFit,http://www.midmountainscrossfit.com/
CrossFit Soul Rebel Thornbury,http://www.cfsoulrebelnorth.com/
CrossFit Claremont,http://www.crossfitclaremont.com.au/
CrossFit North Head,http://www.crossfitnorthhead.com.au/
Drive CrossFit,http://www.driveptcrossfit.com/
CrossFit Play,http://crossfitplay.com.au/
CrossFit by Design,http://www.crossfitbydesign.com.au/
AJ CrossFit,http://ajcrossfit.com.au/
CrossFit 25,http://crossfit25.com.au/
CrossFit South West 6230,http://www.cfsouthwest.com/
CrossFit Macarthur,http://www.crossfitmacarthur.net.au/
HA CrossFit,http://hiveactive.com.au/fitness-options-lindfield-2070/ha-crossfit/
CrossFit Caves Beach,http://www.crossfitcavesbeach.com/
CrossFit Lower Mountains,http://www.crossfitlowermountains.com.au/index.php
CrossFit Revolute,http://crossfitrevolute.com.au/
CrossFit Never Say Never,http://crossfitneversaynever.com/
CrossFit 168,http://www.crossfit168.com.au/
CrossFit Dexterity,http://www.crossfitdexterity.com.au/
CrossFit HBZ 4870,http://www.crossfitbarrierreef.com/
CrossFit St Kilda,http://www.crossfitstkilda.com/
CrossFit Barwon,http://www.crossfitbarwon.com.au/
Buninyong CrossFit,http://www.buninyongcrossfit.com/
CrossFit Living The Dream,http://www.crossfitltd.com.au/
CrossFit 3429,http://www.crossfit3429.com/
CrossFit Chadstone,http://thestrongroom.com.au/
CrossFit VSC,http://www.crossfitvsc.com/
CrossFit Woden,http://www.crossfitwoden.com/
CrossFit VFL,http://crossfitvfl.com.au/
Hillside CrossFit,http://www.hillsidecrossfit.com.au/
CrossFit Touch N Go,http://crossfittouchngo.com.au/
CrossFit Hi Reps,http://www.hireps.com.au/crossfit-hireps
City 4051 CrossFit,http://www.city4051crossfit.com/
CrossFit Calder,http://www.crossfitcalder.com.au/
CrossFit Valve,http://www.crossfitkingsgrove.com.au/
CrossFit Canberra,http://www.crossfitcanberra.net/
CrossFit Ballina,http://crossfitballina.com.au/
CrossFit Health Creation,http://www.crossfithealthcreation.com.au/
CrossFit 4810,http://www.crossfit4810.com.au/
Marlin Coast CrossFit,http://www.marlincoastcrossfit.com/
CrossFit Mordy,http://www.crossfitmordy.com/
Macleay CrossFit,http://www.kempseyhealthandfitness.com/crossfit.html
CrossFit Hallam,http://www.crossfithallam.com.au/
Platform CrossFit,http://platformcrossfit.com.au/
CrossFit Box Hill,http://www.crossfitboxhill.com/
Natural Edge CrossFit Broome,http://naturaledgecrossfit.com.au/
CrossFit Rush Hour,http://rushhour.net.au/crossfit-parramatta/
CrossFit Loganholme,http://crossfitloganholme.com/
CrossFit VLT,http://vault-performance.com/crossfit224/
CrossFit 189,http://www.crossfit189.com.au/
Charge CrossFit,http://www.chargecrossfit.com/
CrossFit Launceston,http://www.crossfitlaunceston.com.au/
CrossFit Southern Highlands,http://cfsohi.com.au/
CrossFit Fibre,http://www.crossfitfibre.com.au/
CrossFit Blackburn,http://crossfitblackburn.com.au/
G Force CrossFit,http://www.gforcecrossfit.com.au/
CrossFit Mooloolaba,http://www.crossfitmooloolaba.com.au/
CrossFit EC,http://crossfitec.com.au/
CrossFit Desire,http://crossfitdesire.com.au/
CrossFit Caloundra,http://www.crossfitcaloundra.com.au/
CrossFit 121,http://www.crossfit121.com/
CrossFit Coogee 2034,http://www.crossfits.com.au/
CrossFit Anarchy,http://www.crossfitanarchy.com.au/
REPS CrossFit Cairns,http://repsfp.com/web/index.php/services/crossfit
CrossFit Confront,http://crossfitconfront.com.au/
CrossFit 8848,http://www.crossfit8848.com.au/
CrossFit Collingwood,http://www.crossfitcollingwood.com/
CrossFit Strenue,http://crossfitstrenue.com.au/
CrossFit Tempered Ormeau,http://www.temperedsco.com.au/classes-item/crossfit-tempered-ormeau/
CrossFit Infinitum,http://www.crossfitinfinitum.com.au/
CrossFit Byron Bay,http://www.crossfitbyronbay.com/
CrossFit Dubbo,http://www.crossfitdubbo.com/
Strand CrossFit,http://www.strandcrossfit.com.au/
CrossFit U,http://www.crossfit-u.com/
CrossFit 6330,http://crossfit6330.com.au/
CrossFit Verge,http://crossfitverge.com.au/
Bring It On CrossFit,http://www.bringitoncrossfit.com.au/
CrossFit Access,http://crossfitaccess.com/
CrossFit Quarter Melville,http://crossfitquartermelville.com/
Homefront CrossFit,http://homefrontcrossfit.com/
CrossFit Eora,http://www.crossfiteora.com/
CrossFit APA,http://www.crossfit2450.com/
CrossFit Knoxfield,http://www.crossfitknoxfield.com.au/
CrossFit Hawthorn East,http://crossfithawthorneast.com/
CrossFit Babes Miami,http://www.crossfitbabesmiami.com.au/
CrossFit Red Bluff,http://crossfitredbluff.com.au/
CrossFit Ruthless,http://www.crossfitruthless.com/
CrossFit Burleigh,http://crossfitburleigh.com.au/
CrossFit Cartel,http://crossfitcartel.net/
CrossFit South East,http://www.crossfitsoutheast.com.au/
CrossFit Brawn,http://www.crossfitbrawn.com.au/
CrossFit Rockhampton,http://www.rockhamptonfitnesscentre.com.au/crossfit/
Lotus CrossFit,http://www.lotusstrengthandconditioning.com.au/fitness-gosford/crossfit-training-central-coast
CrossFit Proficient,http://crossfitproficient.com.au/
CrossFit Facilitate,http://www.crossfitfacilitate.com.au/
CrossFit Warrnambool,http://www.crossfitwarrnambool.com.au/
DropBear CrossFit,http://www.dropbearcrossfit.com/
Capax CrossFit,http://www.capaxcrossfit.com/
CrossFit Bunbury,http://www.crossfitbunbury.com.au/
Legion CrossFit,http://www.legioncrossfit.com.au/
CrossFit Parramatta,http://www.crossfitparramatta.com.au/
CrossFit Coorparoo,http://www.crossfitcoorparoo.com.au/
CrossFit Avalon Beach,http://www.crossfitavalonbeach.com.au/
CrossFit VLT Airport West,http://crossfit224.com/homepage/crossfit-224/
CrossFit 4220,http://www.crossfit4220.com.au/
CrossFit 4178,http://crossfit4178.com.au/
CrossFit Volume,http://www.crossfitvolume.com.au/
CrossFit Agilis,http://www.crossfitagilis.com.au/
CrossFit Fornix,http://crossfitfornix.com.au/
CrossFit Flourish,http://www.crossfitflourish.com/
CrossFit Bribie Island,http://www.crossfitbribieisland.com/
CrossFit Tenacity,http://www.crossfittenacity.com.au/
CrossFit Newstead,http://athleticzone.com.au/crossfit-newstead/
Area 61 CrossFit,http://area61.com.au/our-classes/crossfit/
CrossFit Exist,http://www.crossfitexist.com/
Sale CrossFit,http://www.salecrossfit.com.au/
CrossFit Whiteout,http://www.crossfitwhiteout.com/
CrossFit DECK,http://www.crossfitdeck.com/
CrossFit Feel Good,http://www.crossfitfeelgood.com.au/
CrossFit Creature,http://www.crossfitcreature.com/
CrossFit CBD,http://www.crossfitcbd.com/
CrossFit Wangaratta,http://www.crossfitwangaratta.com/
CrossFit Hunter,http://crossfithunter.com.au/
Ultra CrossFit,http://www.ultracrossfit.com/
Little CrossFit,http://www.littlecrossfit.com/
CrossFit Shellharbour City,http://www.crossfitshellharbourcity.com/
CrossFit Raw Commando,http://www.crossfitrawcommando.com.au/
CrossFit Bawn,http://www.crossfitbawn.com/
CrossFit SFS,http://www.crossfitsfs.com/
CrossFit P4P,http://www.crossfitp4p.com.au/
CrossFit Kalgoorlie,http://www.kalactive.com.au/
Wetherill Park CrossFit,http://www.wetherillparkcrossfit.com.au/
CrossFit Artax,http://www.crossfitartax.com.au/
CrossFit Torian,http://crossfittorian.com/
CrossFit Muswellbrook,http://www.crossfitmuswellbrook.com/
The Shed CrossFit,http://www.theshedcrossfit.com.au/
CrossFit Coalface,http://crossfitcoalface.com.au/
CrossFit 2795,http://www.crossfit2795.com.au/
Hilltop CrossFit,http://hilltopcrossfit.com.au/
CrossFit Valve Condell Park,http://www.crossfitcondellpark.com.au/
CrossFit Cool Town,http://www.sakstrength.com/crossfit-bruth.html
GW CrossFit,http://gw-performance.com/gw-crossfit/gw-cross-fit/
CrossFit Might,http://www.crossfitmight.com.au/
JF CrossFit,http://www.jackedfitness.com.au/jfcrossfit
CrossFit Zenergy,http://zenergy.biz/crossfit-zenergy-windsor/
CrossFit Geebung 4034,http://www.crossfitgeebung4034.com.au/
CrossFit Smash Phillip,http://www.crossfitsmash.com.au/phillip/
CrossFit RTC,http://www.resiliencetrainingcentre.com/crossfitrtc/
CrossFit Firestarter,http://www.crossfitfirestarter.com/
CrossFit Athletic City,http://city.crossfitathletic.com.au/
CrossFit Moonee Valley,http://crossfitmooneevalley.com.au/
CrossFit 3039,http://www.crossfit-3039.com/
CrossFit Balaclava,http://www.balaclavacrossfit.com.au/
CrossFit Port Lincoln,http://www.crossfitportlincoln.com/
CrossFit Kanga,http://crossfitkanga.com.au/
CrossFit Tannum Sands,http://rawmovement.wix.com/crossfittannumsands
Fresh CrossFit,http://www.freshcrossfit.com.au/
CrossFit RJ,http://crossfitr.com.au/
CrossFit 4000,http://www.crossfit4000.com/
CrossFit TRG,http://www.crossfittrg.com.au/
CrossFit Croydon,http://www.crossfitcroydon.com.au/
CrossFit Dux,http://www.crossfitdux.com/
CrossFit Summer Hill,http://www.rockstarfitness.com.au/
CrossFit Contessa,http://www.crossfitcontessa.net/
PFC CrossFit 3076,http://www.crossfit3076.com/
CrossFit BFS,https://www.crossfitbfs.com.au/
Southbridge CrossFit,http://southbridgecrossfit.com.au/
CrossFit Iron Mill,http://crossfitironmill.com.au/
CrossFit HF,http://www.crossfithf.com/
CrossFit Langwarrin,http://rapidfitness.com.au/crossfit
CrossFit Urge,http://www.crossfiturge.com.au/
CrossFit New Beginning,http://www.crossfitnewbeginning.com.au/
CrossFit Metal Therapy,http://metaltherapy.com.au/
Sovereign City CrossFit,http://www.sovereigncitycrossfit.com.au/
CrossFit Dignus,http://www.crossfitdignus.com.au/
CrossFit Hurakan,http://crossfithurakan.com.au/
CrossFit Magnetic,http://www.crossfitmagnetic.com/
Brunswick East CrossFit,http://brunswickeastcrossfit.com/
CrossFit Bounce,http://crossfitbounce.com.au/
CrossFit Bamboo,http://www.bamboomotion.com.au/
Wolfe Den CrossFit,http://www.wolfedencrossfit.com.au/
CrossFit Esplanade,http://crossfitesplanade.com.au/
Inner City CrossFit,http://innercitycrossfit.com.au/
Wide Bay CrossFit,http://www.widebaycrossfit.com/
V2 CrossFit,https://v2fit.com.au/crossfit/
CrossFit Inventive,http://www.crossfitinventive.com.au/
Picton CrossFit,http://www.pictoncrossfit.com.au/
CrossFit HBZ,http://crossfithbz.com/
AJ CrossFit East,http://ajcrossfit.com.au/
CrossFit Anaconda,http://www.crossfitanaconda.com/
CrossFit Moreland,http://crossfitmoreland.com.au/
CrossFit Western Front,http://www.crossfitwesternfront.com/
CrossFit Narellan,http://www.crossfitnarellan.com/
CrossFit Riverland,http://www.crossfitriverland.com/
CrossFit Sunshine Coast,http://crossfitsunshinecoast.com.au/
CrossFit Hijacked,http://www.crossfithijacked.com/
CrossFit Capcoast,http://crossfitcapcoast.com.au/
RFX CrossFit,http://www.rfxcrossfit.com.au/
CrossFit Mildura,http://www.crossfitmildura.com.au/
CrossFit Henley,http://www.crossfithenley.com.au/
CrossFit Quay,http://www.crossfitquay.com.au/
Box 2 Box CrossFit,http://laceys.net.au/BOX2BOX-CrossFit/
CrossFit Strathfield,http://www.crossfitstrathfield.com/
CrossFit Iron Bear,http://crossfitironbear.com.au/
CrossFit Casey,http://crossfitcasey.com.au/
CrossFit 2010,http://crossfit2010.com.au/
CrossFit Milperra,http://crossfitmilperra.com/
CrossFit South West 6280,http://www.cfsouthwest.com/
CrossFit Hurstville,http://crossfithurstville.com.au/
CrossFit Vivid,http://crossfitvivid.com.au/
CrossFit Minerva,http://crossfitminerva.com.au/
CrossFit Taipan,http://crossfittaipan.com.au/
CrossFit Carnegie,http://www.crossfitcarnegie.com.au/
CrossFit 35 Degrees South,http://crossfit35degreessouth.com/
CrossFit 2480,http://www.crossfit2480.com.au/
CrossFit Margaret River,http://www.crossfitmargaretriver.com.au/
CrossFit Wellbeing,http://www.wellbeingffc.com.au/
CrossFit Verde,http://crossfitverde.com/
CrossFit Craigieburn,http://crossfitcraigieburn.com/
Boutique Athletic CrossFit,http://www.crossfitdevour.com/
CrossFit Disposition,http://crossfitdisposition.com/
Pure Movement CrossFit,http://www.puremovementcrossfit.com.au/
CrossFit Superbox,http://www.crossfitsuperbox.com.au/
CrossFit SuperBox South,http://www.crossfitsuperbox.com.au/
CrossFit Red One,http://www.redcitygym.com/crossfit-red-one-dubbo/
CrossFit Rapt,http://www.crossfitrapt.com/
CrossFit Furnace,http://crossfitfurnace.com/
CrossFit Kill Switch,http://www.crossfitkillswitch.com.au/
CrossFit Conditioning,http://www.crossfitconditioning.com.au/
CrossFit Freefall,http://www.crossfitfreefall.com.au/
CrossFit Flawless,http://www.crossfitflawless.com/
CrossFit Da Fonz,http://www.crossfitdafonz.com/
CrossFit Docklands,http://crossfitdocklands.com.au/
CrossFit 3018,http://www.crossfit3018.com.au/
Range of Motion CrossFit,http://rangeofmotion.net.au/crossfit
G-Town CrossFit,http://www.hybridfit.com.au/
CrossFit Iron Lion,http://crossfitironlion.com.au/
CrossFit Dromana,http://crossfitdromana.com.au/
CrossFit Barrage,http://www.crossfitbarrage.com/
CrossFit Release,http://www.crossfitrelease.com.au/
CrossFit The Stables,http://crossfitthestables.com/
CrossFit Top End,http://www.crossfittopend.com.au/
Atalanta CrossFit,http://atalantacrossfit.com/
CrossFit Escape,http://www.crossfitescape.com.au/
CrossFit 786,http://www.crossfit786.com.au/
CrossFit Highfields,http://crossfithighfields.com/
CrossFit Osborne Park,http://www.box6017.com.au/
CrossFit 4009,http://gamebredacademy.com/crossfit/
CrossFit Mudgee,http://www.crossfitmudgee.com.au/
CrossFit Brookvale,http://www.crossfitbrookvale.com.au/
CrossFit 4165,http://www.crossfit4165.com.au/
CrossFit Barossa,http://www.crossfitbarossa.com.au/
Grandstand CrossFit,http://grandstandcrossfit.com.au/
Lion Kingdom CrossFit,http://lionkingdomcrossfit.com.au/
CrossFit 2650,http://www.crossfit2650.com/
CrossFit Mt. Eliza,http://www.crossfitmteliza.com/
Massive CrossFit,http://www.massivecrossfit.com.au/
CrossFit Sapphire,http://www.activeep.com/crossfitsapphire
CrossFit Kirrawee,http://crossfitkirrawee.com/
CrossFit SPEED,http://www.breakingpoint.com.au/crossfit-speed-north-lakes/crossfit-s-p-e-e-d-in-north-lakes
CrossFit Hammer and Tong,http://www.cfht.com.au/
CrossFit Motion 136,http://www.crossfitmotion136.com/
Max Spirit CrossFit,http://www.maxspiritcrossfit.com.au/
CrossFit Grovedale,http://yourtrainingzone.com.au/crossfitgrovedale/
CrossFit Grunt,http://www.cfgrunt.com/
Andfit CrossFit 2,http://andfitcrossfit2.com.au/
CrossFit Broken Hill,http://www.crossfitbrokenhill.com/
Scope CrossFit,http://www.scopecrossfit.com/
CrossFit Encircle,http://www.crossfitencircle.com.au/
CrossFit 3844,http://www.nxtlevel.com.au/
CrossFit 4566,http://crossfit4566.com.au/
CrossFit Three Flow,http://www.crossfitthreeflow.com/
CrossFit Chasing Better,http://www.crossfitchasingbetter.com.au/
CrossFit AM,http://crossfitam.com.au/
CrossFit Zelos,http://crossfitzelos.com.au/
CrossFit Strathpine,http://factorten.com.au/crossfit-strathpine/
Northside CrossFit,http://nthside.fitness/
CrossFit Bundoora,https://www.accardifitness.com/crossfitbundoora/
CrossFit 2340,http://www.crossfit2340.com.au/
CrossFit East Adelaide,http://www.crossfiteastadelaide.com.au/
CrossFit Norwest McGraths Hill,http://www.crossfitnorwestmcgrathshill.com/
CrossFit Hastings,http://www.crossfithastings.com.au/
CrossFit 2165,http://www.crossfit2165.com.au/
PerFit CrossFit Ballarat,http://www.perfit.com.au/our-services/crossfit/
CrossFit Katoomba,https://www.crossfitkatoomba.com.au/
CrossFit Warragul 3820,http://www.crossfitwarragul3820.com.au/
CrossFit Cranbourne,http://www.crossfitcranbourne.com.au/
CrossFit Output,https://crossfitoutput.com/
CrossFit 5000,http://www.crossfit5000.com/
CrossFit 4401,https://www.crossfit4401.com/
Live Elite CrossFit,http://www.liveelitecrossfit.com.au/
CrossFit United Bundaberg,http://totalfitnessbundaberg.com.au/
Niche CrossFit,http://nichecrossfit.com.au/
CrossFit Mulgrave,http://crossfitmulgrave.com/
Coffs Coast CrossFit,http://coffscoastcrossfit.com/
Central Outback CrossFit,http://centraloutbackcrossfit.com.au/
CrossFit Alice Springs,http://www.crossfitalicesprings.com.au/
Agnes Water 1770 CrossFit,http://www.agneswater1770crossfit.com.au/
BTF CrossFit,http://www.btfitness.com.au/btf-crossfit/
CrossFit Response,http://responsefitness.com.au/
CrossFit Currumbin,http://crossfitcurrumbin.com/
Fraser Coast CrossFit,http://www.frasercoastcrossfit.com/
CrossFit Renmark,http://crossfitrenmark.com.au/
CrossFit ALKZZ,http://theathleticbuddha.com.au/events/crossfit/
CrossFit Triginta,http://www.crossfittriginta.com/
CrossFit Essendon,http://drivingfitness.com.au/crossfit-essendon/
CrossFit 4740,http://www.benofit.com.au/
CrossFit Dungeon,http://www.crossfitdungeon.com/
CrossFit Abode,http://www.crossfitabode.com/
Nepean CrossFit,http://nepeancrossfit.com.au/
CrossFit PINC,http://www.crossfitpinc.com.au/
Ariston CrossFit,http://aristoncrossfit.com.au/
CrossFit 3340,http://www.crossfit3340.com.au/
CrossFit Salt Shed,https://www.crossfitsaltshed.com/
CrossFit Palmerston,http://www.crossfitpalmerston.com/
Daylesford CrossFit,http://www.daylesfordcrossfit.com/
TandEm CrossFit,https://www.tandemcrossfit.com.au/
CrossFit Toowoomba,http://www.crossfittoowoomba.com/
CrossFit Norsemen,http://www.crossfitnorsemen.com.au/
Cardinia CrossFit,http://www.cardiniacrossfit.com/
CrossFit Bellarine,http://www.crossfitbellarine.com.au/
